epoch,epsilon,step,train_loss_epoch,train_loss_step,validation_loss_epoch,validation_loss_step
0,,0,,20.642040252685547,,
0,,1,,1.6613447666168213,,
0,,2,,0.8127074241638184,,
0,,3,,0.5413935780525208,,
,,0,,,,0.41943979263305664
,,1,,,,0.41943979263305664
0,,3,,,0.41943979263305664,
0,1.4426381587982178,3,5.914371490478516,,,
