epoch,epsilon,step,train_loss_epoch,train_loss_step,validation_loss_epoch,validation_loss_step
0,,0,,0.7961899042129517,,
0,,1,,7.888566493988037,,
0,,2,,0.9005872011184692,,
0,,3,,0.7578259110450745,,
,,0,,,,0.6847236752510071
,,1,,,,0.6847236752510071
0,,3,,,0.6847236752510071,
0,1.4426381587982178,3,2.585792303085327,,,
