epoch,epsilon,step,train_loss_epoch,train_loss_step,validation_loss_epoch,validation_loss_step
0,,0,,0.6197676658630371,,
0,,1,,14.074588775634766,,
0,,2,,0.8759897947311401,,
0,,3,,0.6486771702766418,,
,,0,,,,0.6184324026107788
,,1,,,,0.6184324026107788
0,,3,,,0.6184324026107788,
0,4.44984769821167,3,4.054756164550781,,,
1,,4,,0.6184324026107788,,
1,,5,,0.5786975622177124,,
1,,6,,0.5563400983810425,,
1,,7,,0.547398030757904,,
