epoch,epsilon,step,train_loss_epoch,train_loss_step,validation_loss_epoch,validation_loss_step
0,,0,,32.625709533691406,,
0,,1,,1.1582999229431152,,
0,,2,,0.5668221712112427,,
0,,3,,0.8711621165275574,,
,,0,,,,2.1604061126708984
,,1,,,,2.1604061126708984
0,,3,,,2.1604061126708984,
0,9.931988716125488,3,8.805498123168945,,,
